ID,TomorrowRainForecast
9292,0.8701958000748727
7569,0.013365342797172788
9408,0.08017714185650233
7337,0.07558143501146249
7928,0.01897430903546834
9254,0.7566777639350176
8765,0.016021677916592498
8169,0.11733665664915494
8618,0.235506229885733
8831,0.06831966970703372
7258,0.12413649404786478
7869,0.03244105929150165
7914,0.03429456110176505
9883,0.19630283949363772
7782,0.02001522783034476
9505,0.47387625115893883
8399,0.010287784344277977
7056,0.9036185212770366
7134,0.02553440731679094
8956,0.3762605907772493
9258,0.07461028967771619
9664,0.8527355557293489
9486,0.02060598454545861
8068,0.02769338748446678
8216,0.020753440770891945
8286,0.020463661363470043
7562,0.8990016429207243
9858,0.6412457125965058
7739,0.03317803349070306
9226,0.6840532059347567
7536,0.025315690015233462
7766,0.14714274917010847
9297,0.4651249741170137
7594,0.05644469380255828
9843,0.32804228128069246
7054,0.04656128871195522
9182,0.2427449249632194
9620,0.5169140704804981
7403,0.018646628417051742
7174,0.03277996468376436
8592,0.022843012518599375
8872,0.0726597593786964
7110,0.009250981379082346
9630,0.2654573704203224
8293,0.01221959388432847
9798,0.01636805201929118
8514,0.17648427633120142
7617,0.0343799371307178
8715,0.06258111998905727
9885,0.024263180271603457
8515,0.06068304739071887
9644,0.017871520845755225
8179,0.07162394814118474
8718,0.2850078539130677
9013,0.35761802113343494
8123,0.003589719762902201
9637,0.681091567193856
7483,0.23840133630198368
6987,0.2763205087193402
7373,0.13787743466851016
7878,0.008405251201162433
8020,0.009056289428146092
7335,0.037956848086585004
7623,0.003210572525644596
9788,0.9678561156494369
7911,0.015859151164728354
9585,0.5227103115972951
9220,0.4350463993406782
7997,0.1612159916673955
9128,0.686339028021991
8346,0.025639629940402045
7808,0.0400362880780017
8170,0.03986878274481245
7441,0.021400830323058444
7632,0.011406784150994031
8797,0.01515783317861029
7434,0.02159482995584012
8565,0.7136689291540911
6959,0.16855462880281555
8904,0.008783056406556812
7880,0.008076543988070386
7241,0.017922235484511374
6953,0.007060863722875556
9003,0.14983912525467716
8523,0.020775445030084872
9247,0.2258749724597543
7756,0.43431763547872515
7345,0.07348443478432183
9392,0.2610816828996985
9865,0.28894022929209745
8787,0.04355737465745974
9096,0.9441285691727814
8898,0.03211913070794435
9017,0.824981310851634
8518,0.044675003973198395
8133,0.011999388669291974
8280,0.11591779324349193
7061,0.8776094326865908
9562,0.4439993185029374
7231,0.0033266011899855566
9149,0.618530047397839
8305,0.002933375897719726
9711,0.30930506274940894
9306,0.6002035908735243
8259,0.01632016736794913
9559,0.5916161347734442
8310,0.009901863513949075
7487,0.11989362528294342
7062,0.880242293412894
9278,0.7578424657786578
8057,0.029871799505273695
8519,0.11958051848135923
7473,0.04530717354217054
7753,0.14788388151553808
8728,0.06810189458192757
9502,0.915752362774201
7291,0.004724813610188804
7502,0.18252180449864425
8030,0.0037965421897679834
9758,0.0576601042087225
8850,0.01407803709593849
7831,0.13743786420248283
7652,0.006398973574746828
9214,0.10554164103515148
9783,0.29037137181456085
7052,0.04304283454391897
9185,0.6113957027783171
8292,0.008521531786651305
7035,0.10048974200335321
8312,0.011411503120772654
7015,0.18162438297827113
9930,0.22579826700651973
9413,0.03899804284377105
7300,0.00489328241895198
7628,0.016260751013550147
9227,0.614682348999338
8998,0.2102438282301798
9532,0.07721084868241042
9604,0.646018336981228
8347,0.07092814632506457
8895,0.03586939923392108
7978,0.007022192276089328
7853,0.08393909152245253
9342,0.6418347920142371
8844,0.050187786396844236
7992,0.002586795501429723
8414,0.1256993857763007
9073,0.3219065588368806
7557,0.01836739005736214
7163,0.06958703051560247
9389,0.4696025345766943
8536,0.01789673119709184
7676,0.005889273216088844
8394,0.395395867572065
8737,0.15412134819095583
7906,0.25459292374922665
9632,0.7817461757681672
9332,0.5590801800012082
8991,0.40219372434975764
8174,0.37207560704064596
7649,0.005538289935162017
7925,0.006583864767000664
9469,0.14338324017354467
8402,0.1530927915987728
7492,0.011699830313202871
8475,0.023339731205696896
7758,0.018601846847859017
8156,0.036500646729111054
7076,0.07819381804304729
7598,0.08750211440596323
9727,0.3921932994289896
7293,0.0026499020919250483
7026,0.6255258605607662
7164,0.07232257826292202
9685,0.445584437288574
8970,0.971761945913206
8640,0.07894857831523083
9558,0.7782911429605589
8673,0.4075963953035359
7511,0.008674422592680395
9007,0.2272396548783374
7734,0.7003571980841653
7535,0.029682254349137113
8531,0.049298338824115585
9404,0.3868550328348875
7784,0.007032722003564898
8257,0.005717475706510474
7359,0.017683509633300502
6990,0.7056341456714839
9325,0.8263949530491532
9119,0.6723075716310122
7278,0.004264419828654927
7595,0.00870551584340842
8663,0.1114682285200611
9784,0.05755812443105012
8825,0.019561628038140957
8954,0.43965234564900735
7603,0.030452097892312378
8231,0.40077182096121616
7488,0.02578374149183958
8118,0.013933409418805848
8676,0.08084630574318494
8641,0.3963854602959449
9801,0.45396218238977354
7611,0.015422177647839453
8726,0.4547484641499574
8037,0.04489889840923693
7389,0.021402192802395494
8590,0.22855888323727352
9613,0.7733744654660963
7254,0.004558283974962895
7546,0.012366862882101115
7702,0.012987834246118702
8646,0.2124873918827188
8242,0.020299831212973296
8204,0.41804495446933526
8374,0.009043756431491783
9626,0.9659428623964949
9779,0.16622288188005188
8660,0.6846649685047291
7837,0.0714863041048391
9597,0.03651660805904992
7472,0.03132845678884239
8632,0.48757131589921177
8107,0.07822535328555728
7095,0.05775692090307579
7041,0.021493403309438833
9035,0.9496543375919053
8692,0.08369850579590773
9027,0.5459044941115287
9403,0.6160906941362618
7691,0.006565374531997124
9740,0.38055895910130033
8299,0.01851015909778132
9030,0.1752344417954891
8884,0.0037733254929510863
7272,0.05087407477550055
9336,0.8894041172417859
7079,0.13028455854241808
7677,0.06148015363277858
7776,0.01806794843322953
7781,0.017515496765271737
7850,0.021258920808554384
9527,0.12901240298089928
9028,0.49856697378856324
8530,0.03825566510392358
7092,0.008453185453244418
8955,0.4615914447100525
8412,0.1656236117047044
8619,0.022378615070394264
8473,0.26696511188332334
9700,0.9646244710012861
7731,0.8426616273858943
7455,0.14793158173763743
9001,0.8040002866877161
8928,0.8081584486141884
8110,0.24103357654289065
7372,0.10423221520446338
9877,0.9724028987318744
7859,0.04427018345824592
8679,0.16303708769989833
9671,0.26098142046597794
8223,0.10053274757398364
9100,0.20969138586958078
9614,0.16720051548796167
7325,0.006184780147461857
8703,0.0878154588454246
7750,0.016075821908836108
7235,0.32736126028145573
7459,0.05292917238252281
8353,0.058020916187756795
8613,0.07106782050274045
9159,0.5280949736596451
7806,0.05821750185435614
9140,0.0327902709084987
8377,0.04070491347230395
8548,0.018299427801662622
7066,0.1341549923771159
7960,0.015024199047404495
7431,0.10073244295119876
9141,0.21302443322018141
8271,0.2577710294694182
7507,0.12213175181642813
9680,0.8500852926122259
9024,0.4658913459031057
8161,0.014637244212052605
7032,0.7573774135341337
9793,0.17253289806269803
9770,0.2878129000841853
9290,0.5335582627471513
7252,0.03585016289472037
8965,0.23026229747608284
7025,0.24131435604075807
9723,0.47005576269465527
9198,0.7314378543017026
8339,0.5565954193272574
8959,0.17857324698758195
7955,0.027018646643166087
8759,0.8526834024552359
9765,0.304860126921723
7123,0.028357358185753852
7621,0.00725202645297857
8018,0.01104092075377921
9440,0.039045884177648676
9616,0.1874050572431137
7717,0.020224961000948515
7572,0.0035060418693260605
7327,0.0017124414697660426
7846,0.015830098461772517
9478,0.3422556639417576
8875,0.05958835051798291
8136,0.004652461976730961
8438,0.0190222652053839
8717,0.07643355772893122
9687,0.895163943657454
8079,0.23046353218526358
7840,0.017963183354603326
8891,0.016833872439799172
8736,0.18577936125846287
7220,0.016314629533957094
9398,0.2920225743710629
8889,0.4910010798855372
9570,0.6877955093915111
9951,0.8112796889693761
9908,0.10633700335585039
8396,0.029298695596281687
7083,0.021614523064937333
8978,0.6253349867222743
8699,0.37033593497427747
7606,0.03636870274406749
7499,0.2806072396154362
9446,0.2568891426107511
8232,0.24091178140195316
8137,0.015244277780871927
9510,0.0419121714418119
9426,0.28596566462819806
7514,0.1168874565785328
7270,0.034063859591530736
7096,0.02087902222341035
8707,0.16153269953149035
9134,0.028814239871208163
7805,0.0395836106584948
9419,0.053950619066174606
7132,0.008126381030943191
7379,0.009621296495058208
8571,0.8287975833489644
7636,0.05237241336492049
9736,0.3709338904903662
7319,0.005121760109558216
7346,0.0065871330241754995
9205,0.14123165875402813
8973,0.9883980933711419
7684,0.04425681914010495
9272,0.7251850739782947
8326,0.1050992040158642
9294,0.18018754409335022
8448,0.011287582450888215
7137,0.0034646034672671105
9289,0.8639900197064765
8762,0.32787115982086595
7239,0.014731273861749923
8002,0.130027702846123
7195,0.06993569437634549
7206,0.0786834703905746
8606,0.1181659295659421
9748,0.11305573938946717
8753,0.2000265427195822
8253,0.024241937424494656
8521,0.02985769003644999
8535,0.0640723206506594
8431,0.12526012557382885
7043,0.009059769561792238
8084,0.5388267979721264
7046,0.044026847110561484
7607,0.005452664403801946
7815,0.08368534494900932
7604,0.0017048323744177708
7587,0.020763427393234623
9645,0.19341840462649906
8487,0.0036384394531999652
9721,0.14779538814930843
9746,0.39149074553442254
8108,0.01156248498903634
7343,0.004926858896681766
8495,0.025399708844087772
9197,0.036003321095490294
9320,0.6169079645978224
7821,0.6729139516624607
7711,0.036689974192726835
9515,0.026629559449727648
8102,0.005778227247900602
6954,0.6106753880678013
7952,0.052638203767967115
9524,0.04136686793820456
8307,0.004184307788174631
9939,0.5201887602703974
8210,0.2973649491176008
9902,0.4636165604216537
8219,0.016931152339285997
7191,0.9789581769545854
9936,0.6711028413859481
9238,0.7121762313303979
9041,0.09084651716532345
9669,0.5405948096703624
9844,0.6657413283334853
9647,0.49582975867914675
9164,0.6289463833907686
9365,0.5725432908408542
8098,0.02951372412759804
9728,0.6575482383053807
8336,0.016179051693787905
7364,0.7498561188267625
9252,0.6892695943366807
9279,0.6381987913835149
7181,0.016893767574929934
9053,0.40774463795746163
8568,0.4065158678249865
7518,0.017966372379139135
7879,0.003938072448163403
8048,0.5599611178642705
8080,0.005988349661843859
8090,0.04462518516024349
7639,0.05574573847460402
8657,0.3366962095838102
7709,0.029380259265037977
8308,0.00305921061663252
9031,0.07785691147227182
8309,0.00761925514196529
7570,0.02095123879825458
7762,0.15681214672186652
9757,0.008605887202049302
8343,0.12791885210646478
9449,0.17129447620741955
7984,0.0011345246157254657
9380,0.574094429980947
9455,0.28602573235538953
7742,0.022923750216689968
8756,0.26961450160682615
7530,0.04540894690592851
7767,0.12815076042134427
7360,0.01849084222475319
9752,0.0829666792877404
8786,0.06762024161910728
7230,0.02418197682653815
7694,0.011529394073926119
7532,0.08628199748928926
8771,0.04779734522118729
9266,0.7505813226388003
9912,0.7673245674767749
9683,0.6668862175335944
9375,0.6505458753050041
7662,0.021730785504957335
8818,0.018564708802641102
9079,0.3321548924481914
7081,0.02230105005256433
7114,0.013498984326831142
8712,0.1624487350214756
8144,0.5732684303752578
7404,0.03523520262887561
7429,0.0014670244401650636
7981,0.006065893724702947
8832,0.08417524345727632
7503,0.4895256798238321
7954,0.03209166911240494
9152,0.21641342111956094
9167,0.11065307591017197
9264,0.9237726850695472
9831,0.05062946935716914
9300,0.5698844855159679
9386,0.3968746758572279
8474,0.5966216233759233
8886,0.0030760859737685334
9591,0.4684561065830587
8200,0.9219709737715086
8082,0.1009415818141578
6984,0.09969697770304739
7199,0.019672075326911384
7367,0.1397374760358485
7961,0.016871291728479138
8199,0.195029567233104
8960,0.5583447006263985
8366,0.008674559351785729
7670,0.008129885049582241
9464,0.18940086644468676
9328,0.9139073689013713
8670,0.15557169257171596
7439,0.025035744578877004
8217,0.040192952655804824
9295,0.5616504181161006
8888,0.7762463931487207
7394,0.12384542261459823
8732,0.0615014407288112
9422,0.17434819196994827
7479,0.01409563988815693
7647,0.0562598400754081
8873,0.008815111305876077
7236,0.03587743008130823
8439,0.04056155397408483
7990,0.007495585300817191
9178,0.07614029916924134
7798,0.2084295298887467
7112,0.03161160964567654
8947,0.6757218925324192
8710,0.3707211780265147
7556,0.030026767514209456
8871,0.01966411294805733
8785,0.3057380773953653
8969,0.8556986590116286
9400,0.9178424468167474
6974,0.22282661327565081
7154,0.6158907842670662
8774,0.011008542023438048
8075,0.16579513832647058
8828,0.5921419290166785
8550,0.7464029066360721
9256,0.8965272514340719
9224,0.9648465842471313
6980,0.010417894795579226
9362,0.39243621996238914
7848,0.18480618198331
8752,0.6483470102767332
8781,0.013418425559243408
7720,0.0290852367387926
9195,0.014521127273599702
7016,0.05388237418276943
9145,0.10952456565800944
7599,0.17741085726340797
8643,0.2430507429337953
9321,0.8133103478426059
8593,0.1094822875352094
9521,0.3050153842399387
7765,0.04929278763038319
8140,0.024466679005176413
7288,0.015829399064746282
7527,0.014692779324933656
6976,0.05438081527760702
7657,0.007975000991951593
8520,0.026104629981228616
7464,0.027022399092210665
9129,0.030108613653367977
7673,0.015410837655093528
7386,0.04061333738939862
8224,0.15240477366119368
9331,0.205026293845443
7387,0.005656569882558444
9340,0.16984900968673153
7018,0.019220453310098723
7481,0.05525496367374447
7938,0.012218391234925947
7558,0.003615408496482877
7855,0.03839970757086651
9066,0.9914005008662251
7411,0.006751377258402131
7573,0.019765536564350355
9734,0.5906073045469131
9211,0.03310287555204511
7842,0.04931625644708975
9794,0.1269030834741878
9722,0.5600690290094231
7463,0.0381460961961106
8039,0.6780313127360882
8025,0.2886891173074209
8957,0.2383224629173938
7051,0.020137361150744833
9560,0.8181467943172748
7712,0.004680582249254326
7737,0.10473948244167672
7097,0.01697122222806835
8277,0.023855460680560048
8355,0.006747316167731539
9937,0.7233780155394756
9730,0.3815416010701761
8696,0.10301724423614024
9679,0.7137067466518238
8697,0.060559847678873215
8942,0.7502614162773141
9869,0.14783404444116136
9712,0.43755544874165125
8051,0.009401808642325366
9596,0.08793673797709874
8362,0.061649613476872596
7050,0.2906497226992682
7977,0.008032684411411122
7584,0.006635190600228836
8981,0.4965444156029516
7796,0.014375705349029556
9881,0.2913189024500545
8784,0.0032940341429510407
8731,0.13086984420735046
8419,0.8853627231035607
7610,0.004131126585994205
8000,0.008670359807988406
7713,0.02017242536305259
7669,0.00396872846574102
9429,0.30895102339259034
7613,0.033678789169498013
7248,0.17456758921312257
9056,0.20616015862263362
9116,0.5482163107697556
7659,0.019618384455096723
7872,0.015723983108669938
8944,0.1435340419857925
7234,0.03211951603755705
7224,0.012583800413490932
9838,0.40455744610584604
8834,0.11797643347570586
7256,0.06088329448172644
7130,0.006337215035049089
8425,0.01664876702734185
8795,0.007965801161726285
7841,0.03286238125488162
8091,0.003853481019868598
7476,0.01671511485330372
9682,0.8022805356483871
7251,0.01837607700685854
9942,0.9353549249791231
8916,0.01003046473815206
9202,0.8146029286285801
9368,0.21122682025593412
9817,0.05112763829299481
8062,0.16340104802679412
8631,0.8352346303530044
8457,0.03794931019136427
9814,0.07692977864595822
7508,0.18374798674268056
8980,0.5401057729565492
9880,0.6923244572672546
9629,0.8511922751617532
8138,0.033396393895814724
9952,0.91717316669508
7020,0.2078373941260026
7930,0.004365530667103604
9257,0.7996027848364671
8671,0.049386158157729884
7686,0.022042719498405562
9055,0.5304887019445742
6983,0.02643469380853573
8990,0.05261972250277743
9284,0.7812724540298074
8796,0.011684875265436859
7810,0.009412930111009044
7730,0.2574945843728349
7926,0.004772802456209806
8303,0.027595084487458007
9491,0.10318260524378241
9399,0.3925496598819248
8971,0.9696745429829452
7233,0.017297954229693158
8247,0.020478782090648857
6991,0.010044505217522731
8450,0.023192114123867468
7531,0.016814094937615723
9177,0.06161983965822617
8820,0.009748454722544844
8695,0.12184284413234282
8595,0.13535674870348743
8682,0.03634041982426642
7800,0.03926812882550833
9756,0.012599083150968691
8562,0.11276377980468076
8139,0.018828461831360183
8945,0.5526205836217785
6962,0.9005012893466608
9172,0.8344844889191472
8125,0.05103976500207441
8078,0.05922658156515929
9561,0.42074168089837394
8953,0.46063331595348495
7103,0.03534303141158581
9668,0.4894491345135593
8713,0.1857592523187187
7409,0.01758418703169458
7361,0.06031822616242615
7581,0.005421065640815244
7201,0.04267265022117941
7350,0.03021809905919304
8931,0.596259440560983
9944,0.5669364470684849
9845,0.11133198514267202
8196,0.17458322019015693
7158,0.12922278656424743
8441,0.011629486700000035
7450,0.05539458384412649
9229,0.2678815649034144
8719,0.1068030460994369
9075,0.15956223890938698
8272,0.18018477928192414
9514,0.02667215046527068
7037,0.02476809791435687
7641,0.0158193084852217
9244,0.4937579190823603
9659,0.6666614711989408
8551,0.8584366933232533
7226,0.022067449519062733
7396,0.013463646993937003
8463,0.02683930357134511
9069,0.4978430618049672
9697,0.7173803746825342
8823,0.17868603820260426
7924,0.013650502738122615
7399,0.08310654605433875
8912,0.11979428194050694
9899,0.8774380271412037
7125,0.04006343227787349
9196,0.01264601013819459
9501,0.3160461889668329
7654,0.007204019798934983
7856,0.025327022141028954
8683,0.1260971387651445
9233,0.6442553683249603
7341,0.013649470007229944
7049,0.04576833059471707
8680,0.10144089169944111
7779,0.009945163212301645
9820,0.06408209030198313
9621,0.6469363627621729
9363,0.49273900596536496
9809,0.34168448850786903
9436,0.03060824169127763
8001,0.290859202297725
8589,0.36446913383799096
7521,0.050731929911278825
8899,0.009467555509852149
7175,0.040825711962930465
8338,0.12788075604203195
8927,0.6273317285032673
9863,0.051847575875095336
7843,0.1888985591918906
9395,0.10125026872744369
9434,0.6464959156699137
8188,0.036788070843231345
9612,0.5260442038090388
8502,0.059251582453601556
9599,0.9777510599632432
6995,0.013135863359294671
7601,0.006379062938794652
7142,0.04392538704675169
9388,0.9285489770166797
7021,0.15557798867122943
6957,0.026173898048027163
8472,0.9156151029135584
9357,0.7414823991435588
8635,0.015647036163239834
8261,0.05050622810424149
9418,0.07129972832489535
8013,0.026608025384358344
9312,0.8178183003421462
7370,0.0604113644038667
8340,0.009383064369996814
9547,0.31562443764019266
7886,0.017466728990073538
7135,0.013402798074484459
7322,0.004445941249652287
9439,0.536438878788688
9045,0.07106710852552109
8395,0.008505703889773163
7070,0.031356587491778866
7687,0.01690823302298495
8184,0.742411979979129
7697,0.037821755656765176
9240,0.46701549168776596
7489,0.05210941200199882
7588,0.02922770013271271
9573,0.4905690360394174
8607,0.07423401250835188
9036,0.922100015719129
8368,0.16969224974081523
7512,0.06012823970305925
7701,0.025563930562067853
8997,0.2145198437069592
7469,0.3367624953480025
9802,0.30976218835600183
7219,0.008824972190306696
7561,0.006583355447257162
8584,0.441170360045982
9837,0.17130681970566017
9708,0.6027631928388165
7744,0.02575836920989017
7042,0.008951986310683167
8471,0.09803338782175047
9201,0.7946463171286663
8165,0.03319638664735761
8779,0.1838109142989848
9341,0.32646581691714494
9444,0.9207923015432821
9323,0.9300870724709435
8251,0.05917897177047552
7245,0.0018441935860068765
8813,0.21268447049898498
9461,0.018076728851314762
7136,0.0036981292017926664
7352,0.011480981006377086
7950,0.005800745559877296
7447,0.4654509282970759
7344,0.009450196037932602
9741,0.23582430550701283
7180,0.07879288579379753
7356,0.0810252959352927
8915,0.04287529607872811
9204,0.06762189907057616
7809,0.010415293302597122
7995,0.0058300544107474294
7551,0.06052241561233084
7900,0.10395159728813984
8596,0.2725307947759768
9324,0.9238827133261566
9615,0.09065045059907738
9026,0.6073190260936033
7644,0.01061432570249639
8761,0.17711674015259238
7309,0.015282763482241354
9453,0.07338513363439406
9060,0.06044293963705868
9906,0.7823214045025219
7792,0.40552332252287787
9082,0.04262095005931123
9330,0.18602880882111855
8929,0.3129628115297133
9619,0.46586121030902505
8791,0.009041148722170765
9359,0.20346135657133585
7642,0.47141815545977855
8922,0.011781966561960474
9118,0.32332785479947584
9905,0.3534521627771926
7098,0.007034844702577749
8662,0.03386981764361662
9870,0.21391962453594765
8580,0.1659582836727842
9088,0.19414517840710513
9463,0.3819108551514064
9083,0.4765946094972266
7178,0.04776345701387167
7405,0.02994496248148866
8389,0.7687251119479408
8149,0.18657207532002404
7825,0.05673694019229408
9857,0.7981314045514715
9735,0.5830433053768643
8906,0.015227481338082874
9695,0.5086456844564042
7637,0.7082697186118868
8313,0.018814550622382086
8705,0.0905173331274904
8268,0.012377726490873826
8948,0.8571752572174524
9552,0.31944035967499107
8708,0.2906729064277645
8546,0.047154565985605815
7773,0.020259727624136005
9704,0.5216959165221214
7453,0.19581073106007998
8488,0.02963485411538207
9366,0.5640536479971777
8497,0.008508559050913331
9442,0.12734630199517324
9241,0.7129751513526609
9719,0.9816273595868965
8041,0.15363023559639338
9044,0.5434098755757852
8508,0.007124366658401464
9610,0.952298738231343
7374,0.031011771165060657
9154,0.14029437348832702
7967,0.011658634290467314
8504,0.03151707110629597
9608,0.7919038245577676
8119,0.01897313282788693
7093,0.01230025480227591
9353,0.4105448029510956
7516,0.017042038495623378
8652,0.07068981300843949
7091,0.020710543234197493
9643,0.9188232594999313
7574,0.008441956080812708
9477,0.6990249416613608
8845,0.046139648973367045
9151,0.08891139974556395
8544,0.04314701712739061
9655,0.17494271903171266
9941,0.8991741370954573
7668,0.001425917612551669
9431,0.5974017314206013
8570,0.07128278670165226
9795,0.06066970086076295
8042,0.02475320890785078
7719,0.03441088129186495
7703,0.018543735489016316
8211,0.2126270176646688
9768,0.8526863059709715
8040,0.06343064912423604
8451,0.00784438214151432
8318,0.3272104217251051
7834,0.16986431039004074
8720,0.038515969488041694
7660,0.033461433357074584
8100,0.01318593207178371
7362,0.0027542323584271
8701,0.1139956984655693
7229,0.023412047629001426
8182,0.18689915268820156
7958,0.00455482304200542
9653,0.14813004294486148
9452,0.17290597355099857
8376,0.8333693853589776
7585,0.02039028030266534
9137,0.015330065115005174
7440,0.04139114771739511
8038,0.16327084235067651
9358,0.6398503946128644
8067,0.08036152761687124
7877,0.27793603144496776
8566,0.39062130818093577
9126,0.10671459295556324
7104,0.07504914628265967
7523,0.10211344327931118
8930,0.0663440828564229
9383,0.37266187428838216
7003,0.00935014018457869
9811,0.017383508240165144
8645,0.08414815521858529
7036,0.04357188719786303
7772,0.03438958820632919
7289,0.009485155546976286
7055,0.18310770240767113
9782,0.022483804171468016
7397,0.020687453545884804
6970,0.02378118837080458
9747,0.12247231704762522
8423,0.10629059041074404
9450,0.06713290642622746
9347,0.3721519029436953
8236,0.5347536962903087
8511,0.04254282815414305
9691,0.8896571238047923
8857,0.019262224099448978
9343,0.7910880033792569
9686,0.8390136900319846
9262,0.19947778211257575
8633,0.21358944462798657
8320,0.006780085291724308
9086,0.023543091142296205
9087,0.17469992124075442
7571,0.005445524817839371
8408,0.0074678180865541
7940,0.025252526339856102
7612,0.011884713726752776
8085,0.13518792272604538
8993,0.30166603066119146
7057,0.6761386360536914
7276,0.008624514948818284
7820,0.7138156768778335
9040,0.1952354897871177
8769,0.024158536955363238
7638,0.0037481498148244793
8798,0.008888066846808018
8187,0.19706721656678666
8221,0.03317223790768087
9293,0.7877905849801238
8852,0.01388758724825708
8534,0.011637389362538083
7225,0.02214949124487113
9489,0.30114554195138554
9539,0.035482576962069676
9554,0.4880329748731164
9179,0.04438412193890534
8778,0.046934892149321825
8983,0.46844643400867053
9230,0.3245053339885198
9520,0.14449907873553836
7290,0.009213140701422155
7538,0.026067187271175307
9834,0.06923610174886802
8456,0.00891934192841682
8729,0.1858340299230953
9329,0.1865535169602413
8341,0.06001603769430804
8104,0.05368301134583118
9287,0.9156222553368001
9600,0.9605171128533372
8016,0.04256190032933215
8407,0.008223335165051854
8122,0.010431856947927894
9577,0.7817315987473874
8325,0.02265424205552973
8202,0.4377497316596639
7633,0.012811007649732586
7044,0.020652972286116154
7901,0.02055023039636719
8817,0.03642135209105515
8469,0.010943042398918086
8865,0.3536922218418366
7329,0.004910269486496325
7881,0.02563196021184452
7334,0.01249707841458601
9892,0.6475721875808481
9810,0.20441100248874208
7485,0.05518494170421863
7915,0.006197035007084651
7973,0.05099678740966455
8215,0.04166802404104801
8452,0.02989191482804474
9792,0.45039748889682574
9797,0.12962188709408756
8335,0.05313621361511982
9572,0.45056493740351944
8932,0.7196618182262295
8910,0.025009769389088724
8556,0.2482285786649923
7804,0.015161066295381385
9333,0.6749666884913837
9467,0.8464610991444336
9076,0.24371840408643597
8999,0.838363030642648
8557,0.3033369913142601
7988,0.015491644363517462
7378,0.022519071317313996
7524,0.027482807554241213
7436,0.09033848852401374
9194,0.08520436177811819
8621,0.040374626106296094
8909,0.03936566229293684
8071,0.06593302236856291
8021,0.005203888729808532
7769,0.967935063172839
9550,0.10292662549621757
7420,0.01730358320699154
7200,0.014551053139734649
7811,0.03384334315927501
7643,0.08715550335115138
8742,0.07811823675526136
9057,0.11189669443632959
7987,0.30781986158422153
7317,0.010514048357919291
7102,0.042902181398775024
8254,0.01785605505045696
7519,0.026233095840100983
9895,0.05078139725808903
8274,0.013843486052909219
7674,0.006326019168184263
9819,0.05522244929824535
8003,0.0572178743735836
7564,0.20613624708050804
7491,0.007450087110927448
9351,0.9233878107991229
8907,0.052175637708183786
7297,0.04054373188871289
7948,0.03817590343464468
8859,0.06273812234036914
9638,0.5120457880409133
7887,0.006072224803195797
8574,0.2550800526434058
8239,0.2817969259169557
9694,0.4862073249659636
8373,0.1418786842613067
7408,0.002786453480614231
9932,0.6313795391552662
8529,0.02540756338901201
8896,0.06010204658385744
8007,0.6238335983931621
8586,0.0884558235190139
8076,0.09191549769442249
7775,0.029340186423860413
8053,0.0037386229679481826
8238,0.3042040636979233
9157,0.3384674456358594
7069,0.005554292982007757
8352,0.00961072082118325
9261,0.39017108534347006
7500,0.9895240723246571
7304,0.012045953088619159
8066,0.004351849163998706
9698,0.6902778703047087
9743,0.4886156860618756
8468,0.09083949448563859
9396,0.11005106433892398
8597,0.9532402577361163
9824,0.11131458191727117
7338,0.02200874267913369
9553,0.5901072629868634
9525,0.8915483298222272
7650,0.00704576136097794
9072,0.11434240575105188
9745,0.45006317235186794
8901,0.018877173701713466
9832,0.09684875881082666
9409,0.054596764319061804
8324,0.04063387386313067
6967,0.06505662038037059
9225,0.9851452456547299
7626,0.016640224001699528
9781,0.12024130196088612
9019,0.8564192648344403
8625,0.17990092922957496
8958,0.35390092139403934
8994,0.7474203876762596
8772,0.006623365180784207
9512,0.9479363363182842
8369,0.02473967302524193
8688,0.09845592008184229
9355,0.797074647653111
8302,0.032199805160031285
9776,0.3472687357489211
8918,0.053066575227601734
9754,0.16958267200588678
7544,0.01967487796632076
9571,0.8727761173473292
7280,0.013438010069181572
9676,0.3425511593890156
7299,0.009993577200334862
7693,0.0535237135527884
8751,0.17368727295337552
8600,0.7888879775699881
8132,0.013736711114825094
8152,0.012048420534715736
8572,0.06430345789270424
7310,0.5386264666576351
8480,0.01232992875483613
7038,0.010508184377092592
8034,0.004842347440306732
7244,0.013471693276028367
7972,0.014308156426756572
7866,0.07654198551372378
8130,0.03663652804251687
7332,0.01867183460408048
8044,0.7960557253576069
8322,0.028669397399882446
9271,0.24605924385450653
8297,0.010948121464364918
7014,0.12395291532768368
8767,0.01057236811979856
8316,0.06230666312752822
9943,0.767617798734672
9249,0.9001640138963736
7630,0.01892544974496065
9472,0.07910398920911056
9094,0.8462011091775964
7169,0.04215428638551859
7415,0.13352405158351563
8015,0.016006494512630958
8077,0.03860866692169805
8459,0.019149130099024882
9481,0.33718638124657097
9107,0.34129624492647387
9536,0.6218592135234696
7741,0.014635080717020858
9574,0.9804724949745162
7738,0.04603393842443256
7735,0.0710926564665764
8168,0.017527287755523674
7795,0.018213319076219446
9275,0.6968260839039571
9701,0.34937519981116955
9579,0.19254076390089597
7306,0.009290188386586741
8466,0.07151942360712209
9651,0.5544779872133587
8372,0.04747913932933258
9251,0.7888367385205163
7991,0.007717896704935378
9875,0.6489635882508444
8181,0.45893233618508417
7902,0.03820244192046382
8482,0.0069809076587585076
8498,0.012936915882295756
7932,0.006064371278714775
7586,0.014528294687099179
9175,0.956128405203673
7555,0.008063112893266671
9216,0.16369218921538545
8686,0.35896186134146085
8109,0.04308526240124978
7153,0.9070180544423202
8908,0.00920387493002817
7910,0.01769548812625628
8578,0.14203311709543895
8968,0.5659089996716373
8601,0.1906430377945045
7023,0.9320535197079721
9763,0.33083097609439216
6993,0.15880456251235883
9921,0.47522510590227207
7480,0.03105274980366469
8940,0.3804554588591232
8114,0.057943839963396616
9207,0.3316883486561875
7419,0.014318534490638428
7099,0.017372846003435884
8166,0.02702588811115109
9856,0.21347170053794506
9416,0.055115395988459125
8690,0.10874873269735638
8507,0.012723939097381185
8764,0.019895330011126495
7267,0.01537582097120725
7007,0.02852600033230297
8064,0.00752965239329873
7740,0.08300305144727081
7634,0.008383776657157916
9873,0.4628670666645993
7422,0.004874090628914693
7048,0.2813279445325599
9654,0.17751690085840768
7861,0.012844961648809883
7401,0.03513944066579998
9131,0.039228855603273396
9163,0.06156431146680985
9670,0.625328357413329
7358,0.09939184712732728
7433,0.05421636172491424
7040,0.387274713792197
7139,0.0054570903413174035
7318,0.004484807743021522
8263,0.012655581262532923
7303,0.035127794435672086
9492,0.17384626785231533
9150,0.022993835834860008
8087,0.02956761358458479
9847,0.04269137875759431
8298,0.012483233111148842
9010,0.19548327674416524
8484,0.011313591843574859
9947,0.47533669237777
8611,0.8198810806481188
8437,0.04690067762910522
8148,0.01409527042263677
7428,0.001839325027670122
8739,0.05768069722754481
7271,0.7480865563259623
7445,0.01706301771480028
7661,0.07201510411698847
8486,0.018196516154351687
7118,0.010316460784717736
7173,0.08041932854289843
9544,0.047489349187428864
8101,0.05220383914507711
7867,0.09048678589842488
8858,0.028659431691867077
7583,0.0034995787231193744
7045,0.06192448342535241
9301,0.6135332273239364
9850,0.12299322778905852
7874,0.031684181949540424
9016,0.9542455272605455
8029,0.04128981489362445
9803,0.090713891711871
7509,0.09902772371970474
7261,0.01149059708830533
8812,0.03674829710282523
7537,0.00845812315029381
9808,0.29654854026831207
9696,0.4130062162996652
7187,0.05094516317426713
8702,0.20976232345417495
8841,0.009884051966903763
7305,0.09451939444734135
9245,0.7856880043734706
7090,0.023608966526220663
7217,0.022734107669881737
8235,0.05494604906908287
7308,0.01850551329945938
7294,0.03971790063481224
8919,0.020654375285185846
9470,0.024061913146410714
7778,0.009869814277850508
9427,0.771090947482818
7109,0.02040831201208675
9915,0.1448853643679791
7908,0.07635755551182653
8356,0.00875287198470564
8855,0.003998766498523659
7959,0.014733112918311878
8173,0.5211236078845801
9200,0.39762897784038936
7679,0.21223627396650924
7349,0.04409489574417344
7839,0.3073632512574657
8815,0.006266207377157249
8833,0.10452240727497195
7277,0.010563359857187397
7757,0.03936436985593334
6965,0.0065712658223014185
8496,0.0095270123706855
7148,0.022770882444579945
8093,0.019050319418052564
9508,0.016430097666004846
9592,0.3060280429924012
8967,0.8615762359540103
9774,0.657420553184796
9542,0.7046851301429107
9499,0.9852076391508482
8583,0.6616831329464659
9004,0.47434274162990936
9531,0.03854083087836783
7080,0.2149030980626732
7067,0.04837706546542614
9441,0.23625379670476201
7706,0.07131208161510345
9316,0.5926027898928383
8794,0.0073516740961883
7860,0.110635838394988
7423,0.007039011695078747
7461,0.30866186948540586
7448,0.032546312522758296
9777,0.9801426587152646
7068,0.01874362602192299
9034,0.396730280323438
9854,0.8923304561314312
7718,0.05291400752181307
7777,0.03137913540180245
8462,0.02526524095349545
9926,0.21529574246858038
7743,0.22968085309898265
9401,0.23208822615266944
9569,0.49027270694687064
9018,0.8744162100716414
9039,0.4963639580270934
7760,0.06560393584455977
9084,0.2899262846731954
8577,0.07420800379750123
7376,0.02936589285923379
9091,0.22107545080566987
8209,0.7192484867653272
8359,0.03600396727769659
9495,0.22966514645175176
8826,0.01459107357382299
8432,0.13992814163942208
7493,0.023941015440389773
6992,0.010853889127796822
9384,0.3887584333426155
7736,0.019574969603091817
8489,0.011927533940292367
7748,0.1309360384516336
8510,0.016635997518901498
8747,0.21539661696418907
8205,0.03149343063349161
7619,0.008361470856686183
9675,0.703266925640274
8933,0.8338770658651854
8061,0.005203612287116576
8801,0.005890989628265026
7983,0.007280460964326331
9237,0.9161755328652783
6978,0.2604074395845319
9387,0.6400275112813226
8426,0.03069069712697239
8146,0.016159955344689104
6968,0.35078113990228893
6955,0.5187140831388085
7714,0.07862708150345298
7807,0.04490496291590287
8234,0.036005603699670076
8979,0.28926579997248214
9276,0.7281000177509711
9208,0.2193352809494958
8808,0.03571218324435585
8249,0.04945756165784595
8706,0.10784532170989353
7664,0.02415345589928253
8591,0.040359973169486724
8129,0.05116442785946076
9192,0.12633164614672487
9130,0.18828937418225322
8478,0.03236665497535411
8610,0.1567168052703151
7005,0.0023446518029730393
8479,0.014835530090395711
8499,0.012349614005342143
9534,0.333979897538065
7700,0.009547530598879443
7624,0.002825176851411699
8549,0.17106594947456008
7331,0.3330013456682786
9402,0.18483122760739434
8894,0.03371440528624474
9420,0.14128713421863073
7456,0.966190001219658
8987,0.42342648954308704
8533,0.06832930179444731
9367,0.2800213797105651
7365,0.32129217995155074
9705,0.7735234742362697
8433,0.14264415901238628
8411,0.013677462819815085
9800,0.061597326359437606
7188,0.09282918994117798
7651,0.014489904548256384
7072,0.06775316627233446
8010,0.03307523433557056
8186,0.03697262310254737
9180,0.21052781985712454
7937,0.07258309703487845
7755,0.4947368501457646
8848,0.05897096869604513
8214,0.027744844851962446
8802,0.006998178852939745
8266,0.04446273264150924
8096,0.012603412405131888
7264,0.011548737869992918
7956,0.23551353432500102
8642,0.9917605383306416
6971,0.03840367281678517
9110,0.016225595679273033
8403,0.20080674757790135
9005,0.243660672193746
9910,0.5414574272161619
7323,0.013316726980045726
7520,0.02802822817305704
9317,0.8686908079212214
9199,0.5872212604131849
7223,0.061656082807493504
7534,0.00880033129754253
8744,0.06323742148714112
7249,0.012167644706453592
8349,0.03573102703538239
7391,0.5543753441148297
9146,0.014315433325171358
7106,0.016614876797961226
9731,0.9117162160179278
8887,0.04541026353027185
7582,0.007504548924709959
7253,0.002886043948604092
7763,0.32219256492022225
9025,0.4327786538448517
7141,0.004003032723841654
8941,0.720425292854158
8937,0.22039472659126416
7785,0.4985912711068435
7974,0.07150842694790303
9098,0.9786770910841299
8693,0.09874814022251209
7321,0.012575436730062802
9181,0.6105157007786252
9888,0.6670076850727867
7590,0.00901596994179664
9849,0.6707806001197203
7542,0.027260533859629288
8587,0.11299891626461236
9773,0.08313112511452582
8172,0.10815569157700519
7140,0.007341881124612404
7889,0.013818932300019026
9725,0.708681132656609
7214,0.012418316664326684
8603,0.09592755864381158
7580,0.04271975958976839
9274,0.8528670896807559
7094,0.009584328972114808
7916,0.00572249554849874
6999,0.03643213791055035
7221,0.02909135277948527
9234,0.8349958520235657
7151,0.21314119738353707
7192,0.144118086774897
9139,0.30820070859305854
7460,0.1731992017240172
9265,0.5387946999599134
7640,0.01531463135521695
8614,0.09511932501259207
9476,0.24965597356867547
7786,0.03159475549460075
7160,0.030569715368387283
7006,0.042496398700635485
9048,0.2340224734763614
9184,0.6726002158513253
9093,0.4981050815472809
8842,0.026878658367032265
7543,0.03145149148365991
8045,0.8994670496610777
7077,0.14507921239071486
9298,0.36437809208703714
7783,0.005185796286493077
9633,0.867824560129378
9112,0.10787660055486505
7446,0.9844544391219927
9714,0.8184610980065965
9702,0.7690502750123176
7127,0.009179375273884564
7009,0.009548950779904737
8554,0.09137784464748433
7247,0.009522454952270477
7295,0.005734631187449843
8851,0.008938854800104134
9900,0.872427444152405
8559,0.09415032227356496
9474,0.0559691969379308
9281,0.37605519236986035
9228,0.6330391629485228
7138,0.0027096206316971636
8513,0.0774419810409871
7892,0.012714943728609063
7944,0.012889893702046705
9457,0.08138497338515045
9113,0.20323623752328887
9169,0.046860605053783665
9471,0.03502010020883413
7490,0.01071855428323623
7147,0.0683816116708114
6973,0.028148252089434743
7745,0.010118162727302935
7918,0.08915674364128022
8330,0.014486698131467562
7818,0.023465964345991706
8424,0.8029602058279074
9739,0.16014755936450312
9903,0.03383503370058671
7793,0.08488492125706418
8629,0.10110354859795281
9296,0.7577332705551938
8128,0.12897694748484714
7939,0.008156988997770783
9394,0.06739582773432033
9101,0.4871983122080157
9161,0.5361939719582716
8792,0.021024448879889333
8131,0.03234765416699885
8160,0.009346942558075182
9369,0.3487721709997798
7161,0.013847656617815892
7063,0.569137678299268
9605,0.8837154876816674
7471,0.013808034467798979
7723,0.21256142826167435
7257,0.0037623477134573124
7989,0.03988381007534964
9438,0.24544021154110568
9498,0.749751392049801
8972,0.7678361543910892
7089,0.012786924754055623
8658,0.9305388953704657
7976,0.005574544980007464
9628,0.8956936934302377
7198,0.03292756305107168
7342,0.0027281540439585564
8777,0.006319820918597935
7328,0.006392380869205619
8995,0.33441001261888453
8537,0.017565900202748928
9435,0.39765513693532417
7432,0.26376984187570346
9503,0.14889847133652184
9587,0.5125303739390256
8311,0.008427377529792597
7155,0.028714588437876158
8672,0.3761817146271522
7496,0.3121194743301399
6964,0.029430188658269584
8538,0.16437322476008817
9078,0.34355334481425553
8996,0.7655264210348265
8681,0.06063000987291987
9623,0.605182984614953
8095,0.04245990791012686
9186,0.5127247262351945
9127,0.11382435987430069
7478,0.054803601296837416
7799,0.17340061331944492
9123,0.14467123677849542
8461,0.13554491996575996
7065,0.052304863839615204
8175,0.7838642511509737
7865,0.1656394481292442
7838,0.285986732320736
9250,0.8167298645483253
8365,0.008531148269617476
7284,0.011893094960134352
8532,0.02489378759338038
7845,0.01561624376795809
9582,0.3932203351859108
8065,0.009437008201653361
8766,0.08094438844555532
8054,0.055520939262364497
7165,0.11447253715580824
8691,0.2832001214304456
8290,0.012891822091610218
9805,0.3807030600668183
9213,0.03869029602320165
8493,0.022822175927096542
8267,0.06829891360577701
7246,0.004172502181834912
9458,0.4683299333070448
8553,0.19752731589214406
7876,0.2780424573208063
7827,0.05081341513966673
6981,0.028810229099409942
7563,0.9725504475133179
9718,0.5107588160856515
9595,0.6490678499472037
9706,0.7060392178577175
8982,0.8667147568104344
7412,0.0065998308851238155
7539,0.07835103397869238
9791,0.8940939507128474
8358,0.033678681955970395
9160,0.5818870933975827
8147,0.011952812184579508
8385,0.05985636445138089
8545,0.5207138445028474
7474,0.03109742097234627
8392,0.1546714397739249
7177,0.025403941897553087
8427,0.1093358383340056
7340,0.01778937411016952
9212,0.07304717866311015
9823,0.201319181638347
7567,0.015515151748505427
7912,0.006353746114315934
7421,0.007311762426208573
7982,0.009423535564624308
9377,0.6151164257372921
7993,0.013087783472676954
7822,0.05263928763580023
8746,0.42289571156605715
7708,0.08606095720599151
7715,0.4955574889188065
7903,0.2056670612944964
8285,0.03859507016742938
8436,0.019366198733300557
8348,0.012248081331752885
9804,0.6325420811482027
9138,0.0634873482289491
7426,0.007955010363714963
8552,0.8541273587355296
8867,0.09110412120804287
9767,0.7633327925927244
7145,0.1623377347651978
7971,0.004547707203217511
8228,0.4581516374809637
8370,0.02702323728828186
9860,0.7852185091985394
7999,0.002614314958280871
7078,0.13714705944161076
9821,0.819985270303456
8775,0.03381418899093012
7013,0.026138029905336677
7725,0.05072391590001389
7382,0.15994325307125734
7522,0.045450358573127875
9916,0.1362899678536211
9349,0.8270913952443403
8711,0.08102341142539542
7768,0.14553092233860876
8417,0.13000806289693573
9428,0.10167450924677499
8961,0.2364801423327423
9109,0.025715574871463916
8189,0.058464994941872024
7442,0.009875418711825002
8233,0.13359129963012323
7039,0.016826277993477138
9462,0.2537564966234399
7884,0.0066589918941066546
9807,0.8193034930052449
8665,0.03847338716413207
7425,0.00615941540073109
7030,0.1753146068625913
7596,0.02710145654093724
9133,0.14133434876046688
9423,0.0067482404714284076
8789,0.12241380485592072
9209,0.722446497062204
9153,0.2636154737589083
9097,0.9484829327316244
9223,0.9414415120921292
9882,0.04474885114285339
6958,0.9427315511419974
9884,0.07254253041113191
7826,0.16323046626664336
8026,0.22606202530475547
9125,0.05939341658751408
9174,0.128510565243742
8805,0.008937437865497855
9769,0.1868861521270031
9871,0.1658096632720357
9780,0.08112164381723677
7031,0.0851529245133872
9576,0.696321039782398
7870,0.016746600245299427
9253,0.6192437290018632
8183,0.23685951593895824
7629,0.008182547117442459
8780,0.0773399539264992
8946,0.7611215712488848
8203,0.10991508117782213
8490,0.017229736347161174
7816,0.9492676590390681
9864,0.934959875671116
8222,0.006860896810074292
7921,0.1101085702138749
8176,0.3786455530914458
7605,0.044163741761123546
8422,0.004188325807130975
8505,0.021827612198938234
9390,0.3253509388124553
8294,0.014405065642835672
7949,0.020354162152204303
8881,0.0028014772349551223
8180,0.10556838445110261
8639,0.26869376211747087
8735,0.3147344568022772
7152,0.21585847725414425
7316,0.016017377527579153
8435,0.03883787802725741
8716,0.07595223530322032
7162,0.034418600261398764
8420,0.02866325797350261
7721,0.01215716932416998
8687,0.06546087661232354
9302,0.8855073236885582
7653,0.00222969493135089
9236,0.9989116891016475
9692,0.8970151129354245
8220,0.016120108752270865
7923,0.01713276978604591
7565,0.027381125691693837
9106,0.10481020125800868
7963,0.041313867498095895
9189,0.7778128022496448
7477,0.048744872889721465
6963,0.04674734885160262
9479,0.4303107275735464
8576,0.020568924780679426
7368,0.16764130849158476
9563,0.18766334764048442
9709,0.617058376763287
7907,0.2540639970605157
8017,0.005973297548254383
8811,0.015857284214742782
9433,0.4717708424659588
8444,0.009581142380346007
9724,0.5727641502893678
8563,0.060785491747771266
7893,0.013737968937097245
9720,0.5822511988550272
7215,0.006062912698203682
7122,0.9194340684257168
7183,0.0380923978526949
7113,0.03500862397225106
9726,0.8283027695907499
9231,0.6139813598147639
8111,0.02396189869637849
8627,0.1106798445184553
9309,0.039832372416627855
7525,0.0267783602860813
7829,0.0589188340625659
7146,0.052724021057009254
9666,0.9127148237683691
7953,0.03532236828832543
8626,0.04256876533717886
8049,0.035054714889256766
8934,0.7093928548902643
9291,0.8413210622916155
8783,0.015783038597862484
8874,0.007619403201213745
8393,0.11391924912909483
8757,0.4229796954183689
7064,0.058198393496461436
8526,0.41110478644011
7593,0.02895178111960007
8035,0.009239843053459058
7689,0.011304941828747824
9020,0.7545699860901437
9104,0.06417559797356429
8669,0.4926411764949843
8191,0.11285192925914056
6977,0.20105937801719295
8092,0.017293696827266638
9414,0.6442858486524741
7001,0.02277559920021423
7313,0.006049302003033599
8890,0.11993384998377708
8300,0.008580641731077912
7375,0.04807382040813582
8768,0.009636562909824111
7324,0.0367010888247682
8923,0.01275756313235027
9064,0.7687656980383966
9326,0.8116556793209372
7366,0.5816534518554255
9070,0.4161672062275866
8800,0.009946573312484937
9391,0.36927829045153915
7117,0.011094136131553441
8401,0.06674144598934781
7348,0.05610607957925114
8177,0.04711889507425221
7716,0.5896705051283618
8230,0.401458711574256
8849,0.08389243822866384
9862,0.20109537022250457
9443,0.833091031665525
9530,0.0770976201518945
9931,0.5826902793880362
7578,0.4422440075545839
8073,0.005084884307259317
8512,0.061113173621018146
7627,0.011039391489580067
9273,0.4594450745504339
9314,0.37882962129175485
7614,0.0368265973460672
8598,0.8408904797653092
9744,0.17061660177780547
9421,0.7627403471271395
7105,0.041761313099249506
8083,0.05084128397177683
8926,0.02087220974515853
7240,0.010382173008194738
8190,0.14887189412857685
7823,0.027963133938278442
7998,0.016423074882002498
7682,0.02244196512109102
7170,0.05611504653756357
7216,0.005884848441489142
7675,0.00841948984380631
9243,0.5549702743511221
9425,0.045101982585907766
8014,0.4818484363367231
9155,0.4193270856315895
9511,0.41878226914904376
9913,0.763474730551459
9085,0.193307680984649
7312,0.023478911084962945
9006,0.533667297339981
9507,0.0520056795941891
7791,0.3222689315349178
8935,0.8984764117728573
7086,0.05016001134050254
7085,0.020949987964952402
9533,0.46447144087708203
8685,0.18064087590109684
8229,0.08190017997002985
9219,0.4835566810232336
9681,0.8023504617271099
9677,0.44279873046026036
7858,0.04784865723511976
8390,0.7706730128378461
8019,0.13412855952729935
8485,0.016774614583146663
8449,0.04362004918413212
9546,0.13722185201033243
9132,0.556246742463562
9934,0.7695167477244653
9058,0.01533389945965072
7615,0.03225642864460056
8724,0.06387884337032482
9484,0.8599421420295996
8009,0.7342427424171449
7934,0.048557921913963895
8838,0.06750237357340821
9410,0.13371339204182153
8088,0.14942403520636202
7202,0.04010787036294938
9415,0.19006588771871064
8354,0.051280649136831384
8561,0.09048583700171915
7213,0.013688750561322984
7951,0.006252253716768382
8575,0.13387289770525823
9376,0.4287212896744561
9496,0.21600175382231046
7407,0.018098217376200883
8770,0.11997644384557166
8644,0.07298323559937114
9923,0.8716906368097576
8345,0.02832982383200576
9023,0.23053176114356813
9218,0.5613633990923587
9523,0.047418885151858804
7566,0.01316303898625625
9348,0.2544466688559215
9590,0.5118256357465855
8126,0.13737706238921846
9927,0.7104529601218512
9090,0.40670627150856514
8315,0.05851215385132295
7681,0.010700840155668422
7559,0.011594027673038507
8803,0.014522646395887512
7710,0.020870838562220176
8921,0.048979357460113414
8952,0.6808653362324785
7484,0.7207526800535372
7424,0.002810815555757216
8567,0.8589964915955172
9861,0.8757221055391713
7685,0.024076291566154328
8105,0.009843178382842889
8846,0.08816047702783437
7698,0.023361881158814695
7475,0.26639512935753673
7209,0.028749482804208942
9904,0.3803129412953693
9459,0.04715144069898833
8723,0.15336767935631165
7759,0.023176233285588606
9551,0.06642420825470197
9350,0.95179771879204
9103,0.3543432826903166
8782,0.017900225251421882
8528,0.047358786104450865
9059,0.0600412027724396
7667,0.005662901481771315
7941,0.005843971049908997
7275,0.010670551357870093
8295,0.0062320951333422235
8830,0.271375479321481
7891,0.005107817556856245
8962,0.36851952057387216
9938,0.7034108399321368
8375,0.02282905997791056
7186,0.027552165892498932
7205,0.0629393477825062
7890,0.006963270105896204
7695,0.05363963961710222
8012,0.016723710521377257
8382,0.003061161230082032
7283,0.04644210698545031
7942,0.006189080443874743
9738,0.05124779390848648
7390,0.0807386730783235
9277,0.6475201252905688
9372,0.10761513152810061
8357,0.003065736203711153
9022,0.7154431006904056
9878,0.036888459008353816
8854,0.003819044067244812
9012,0.9552685455492753
7028,0.970323353869487
7406,0.026016450695532413
8158,0.006792315579297526
9918,0.19023679631873255
7549,0.0268700029443119
7119,0.022010010359644484
8594,0.13947707387099847
8558,0.07257262690705088
9071,0.3384634735096847
7645,0.005147505497114402
9043,0.04295924007600111
7873,0.060303787060113356
8094,0.040083747855501756
9887,0.697780938972514
8920,0.010931179405760579
7131,0.004062331253322674
9640,0.18894715661980943
9114,0.8998190095398053
9929,0.48994232259107373
8822,0.05506991676235945
9411,0.4164530841605309
8674,0.27207573763237064
7121,0.10644996205730108
8207,0.15015006792576935
9639,0.3969730011926872
9374,0.15440080098973674
6994,0.636408185286312
8388,0.03782631203125135
8008,0.749751016048029
7369,0.18250526659898625
9280,0.4650077752949241
9822,0.33769585951294717
8056,0.09695637958226404
8788,0.046922065901442066
9327,0.9263860133577351
9364,0.316766874451371
8250,0.05166347400690879
9356,0.5824427060018252
8678,0.06836150599016995
9080,0.470434167016314
8620,0.04388182928555178
9099,0.3467733177118444
7462,0.0390226473296672
7259,0.014568721952782025
9652,0.906567637108174
7979,0.0025599106356721606
9841,0.4272108897157184
9448,0.283952977441022
9108,0.03251614367811352
9187,0.4852444948311274
8323,0.01364546882111724
8004,0.03027020408244915
9593,0.7751051902532917
9886,0.009007429651763897
9518,0.09215582633204077
7458,0.03587261195296964
8977,0.6501392535766011
9717,0.6650351074973191
7591,0.031198972575920414
8106,0.006653134614995653
9338,0.4611854273345963
7034,0.025783733989882898
9062,0.06678846912663375
7666,0.003201231720871906
9046,0.12033774113874228
8464,0.030148246276260025
9594,0.5884067829517903
7149,0.023323257199454793
9095,0.935279273114097
9917,0.09217740656153625
8418,0.0210313630932002
8668,0.4336512677317444
7107,0.016255049162915113
9315,0.764283964516921
7156,0.39225536429346913
9156,0.07328382471364296
7082,0.03396880671119085
8279,0.5383707627258173
7957,0.020645624764675338
9339,0.3469268618941593
8903,0.005852927467727676
8893,0.8792414323172795
8163,0.01496464687862749
9122,0.09313120636557103
8638,0.08293026666866628
8579,0.09435523601473025
9077,0.47149225798130523
8153,0.017098760042661892
8460,0.09448690573485681
8878,0.015983614199952076
9008,0.15024375122528755
8154,0.2713477748525789
9789,0.9261115641871247
8135,0.02100093954834981
9806,0.8675050010648223
8564,0.3232270701070872
7414,0.0177372785647836
9567,0.9941586606393354
7896,0.14484009178982318
8178,0.13846940439237668
8986,0.630889760563402
9787,0.589803651784563
9710,0.1618792678816876
9074,0.5622570018194293
8773,0.5437544328201803
7727,0.04638966741513211
8615,0.11309002447015437
8059,0.024634677006631807
9933,0.20205164225185854
9168,0.04415029276833162
7159,0.024221416456705676
8198,0.181315538943684
7635,0.006235708540476426
9232,0.7704771923356947
7927,0.2442979598715601
8070,0.1143100667784026
7922,0.05420391201905593
8836,0.03662788186607411
9812,0.09270769507975374
7010,0.026814588027023183
7351,0.6426560713498104
9360,0.7321311779647686
9583,0.16521882094295112
9526,0.0546435241863492
9307,0.6850353874627428
9689,0.8693795364802013
9568,0.959273476035108
8503,0.019458743252512945
9766,0.2321621276852456
7909,0.01756474708360896
9166,0.45685458619621383
8074,0.005046669448291261
7618,0.02767466458412111
8659,0.13103678276205535
7393,0.006058850809617172
8749,0.3596576463151825
6979,0.9090628698365902
8162,0.008762336256764598
7172,0.09454071617108291
8458,0.02796668980238758
8278,0.0316604157175756
8060,0.014062184587822397
9270,0.4631627056261211
9556,0.5252248974037202
8698,0.05019344882469165
7592,0.004992756175799485
8809,0.03319596357493771
8409,0.0029358380834297
9606,0.7695434747611323
7381,0.01344564027145484
8491,0.010121675588616676
7193,0.9785131199399634
8656,0.06537489132330132
8799,0.01425452214455533
8127,0.06745035730780688
9889,0.11650713363276563
7357,0.018356394246509575
7864,0.12794410170932194
8252,0.03772318418880106
8793,0.07890065356665805
9945,0.7984946870838733
7494,0.05522672376358025
8405,0.37715888149180304
9588,0.41280075058255267
8807,0.08664052247138115
8976,0.8646180614904309
9483,0.2488838503474994
8868,0.10109757532424887
8455,0.007350631287673442
9346,0.5777455898817664
7761,0.06905925512123394
9188,0.12364917013447346
9313,0.7129050552816917
8150,0.031599068075959386
8582,0.40298678882207933
7074,0.13966367653591744
7844,0.048933307591302266
9555,0.539381949927309
8864,0.1370501417745437
9305,0.27317107465592716
8167,0.02708412553775488
7683,0.035146057209018096
8124,0.007020025561296125
7395,0.009500561088726387
9286,0.8424662251241332
8624,0.029466995216818167
7402,0.019176142392685128
7732,0.9375651706718995
9684,0.2548532010922983
9447,0.046896831802764945
8824,0.17757093814021452
8984,0.33809968947993824
7410,0.011567367807308594
9707,0.8845758257755874
7931,0.01671048613545331
7946,0.004795629962854246
9171,0.5190788395585197
9379,0.6513380876904995
7311,0.9563329111070946
7242,0.010008398590010613
8847,0.12207841720019334
9790,0.9925250813583558
9424,0.03060210727830033
8509,0.03176299441712929
9909,0.0893521661208386
7917,0.019607637004368118
9674,0.9872960256511367
9054,0.08366926281938696
9924,0.8750943770125024
8494,0.034159872841583165
9050,0.2877021715414363
7388,0.0020734238129650516
9190,0.8819929271315974
8974,0.9379763594465348
9657,0.8889748364360647
8604,0.16320519511060105
9334,0.4865383836706851
9303,0.7645559985011168
8381,0.00728549857083515
8905,0.011149606183315272
8027,0.03312683088701829
9248,0.8562815857006437
7129,0.014251860050141457
7504,0.34998891764599105
9465,0.2007631021162254
9636,0.5194043534989423
7803,0.04877472026158164
8145,0.06743635533884382
9033,0.5748650962390752
8328,0.7374753599671752
7100,0.019630731366090854
8379,0.020482197585459296
8654,0.3688591958822337
9601,0.6714281905327005
9762,0.06957068274482495
7600,0.024183066568021536
8814,0.12399764202739862
9255,0.8462949412623156
9836,0.17430252845865885
9925,0.7446411316224787
7929,0.012285530092750931
7920,0.19625337742627097
7203,0.02309132606289943
9480,0.6670524539177071
9842,0.17017644461885212
9485,0.5175092164664118
8675,0.03240685620232406
7875,0.2894756710667079
7449,0.012906721438321203
8734,0.16896436050609565
7008,0.022069739056078164
7545,0.05481344771305521
8694,0.04091210989438225
9543,0.4704673129663091
8963,0.5910358536172331
9835,0.04640724580520239
7771,0.16189385399505193
7945,0.00444667165993764
7882,0.025338533457177605
9143,0.28227309066093015
8283,0.05234322011982625
7101,0.01049921638330892
7813,0.007776387150238757
7333,0.0048480332370513315
9815,0.014100308713992574
8024,0.008104146476311613
8380,0.0037299044732925076
6998,0.018594263737049473
8714,0.16059594551479953
8524,0.24038933605800855
7250,0.024947643130720027
9304,0.5022873435457647
8608,0.11358229940414262
8634,0.04019021920203548
8164,0.03698567315557999
8750,0.5032674366083653
7326,0.004046009242305559
8853,0.021249065533926817
7029,0.6636542384520581
7371,0.0402347990787514
7087,0.07547720900260595
9385,0.20454441038548077
8006,0.4572291741171227
9609,0.6425156479614769
9493,0.1546904067442394
7133,0.023355881050778578
8072,0.02407765241761554
7554,0.006319879594570122
9897,0.8437885019170636
9830,0.09136846083838138
9121,0.32982847737914034
9494,0.22115936851810952
9618,0.18043919305210154
9488,0.12520410534445628
7862,0.037662561174743044
9940,0.48288558368529627
8741,0.13299562103178256
7292,0.058383119598265504
8992,0.7355125782456725
9751,0.11231461386838695
9617,0.3892322256057911
7228,0.011958343643970644
9859,0.725826903866495
7243,0.011666086180862033
6989,0.047718680629202155
8284,0.0754718653169895
9412,0.41195989914424797
9732,0.3737201529270461
9907,0.4711329128999403
8628,0.29056136719423803
7986,0.003790542593618418
7678,0.8150123019111546
8440,0.005558638386130677
9235,0.9919743660743934
6966,0.05776993815441469
9785,0.06959122578066006
7836,0.049395453657591216
7355,0.03620203233328638
7182,0.021986118115297028
8924,0.010668670921566814
8709,0.30831613867182434
7968,0.00761338652038031
8442,0.04114209409466306
7517,0.10370937835403922
8360,0.003524420186883998
7108,0.040316243168473265
8630,0.12337606161124044
8542,0.09134367946837683
9283,0.8526940453474557
8447,0.0120131086115292
8344,0.02516266430934831
7011,0.017592844339854637
9371,0.46343377849231493
8218,0.008957589742689847
8555,0.10775499359552877
8740,0.07640809675387154
8877,0.009121249367013445
9000,0.7141192334244971
7482,0.7254031482108795
9352,0.965181760043681
9165,0.046938946892711615
7384,0.44839690929062037
9607,0.7095792803987588
8364,0.049433507205662953
9451,0.023287289577641663
7774,0.046605845710286656
7817,0.027055224887125223
9242,0.5693960055787941
8721,0.06966653009181391
7501,0.3938345048509569
7895,0.052213153429869284
8400,0.016212801475746774
7704,0.03744358716646262
9538,0.23236370291319483
9631,0.28895384142552527
7622,0.00625382061265079
7943,0.008017433327970502
7754,0.9062381413623228
7824,0.04158162874674703
8289,0.012156656894496175
7268,0.0031164233870373285
9750,0.3795559561417897
8342,0.8016699675503132
7196,0.025636735624143706
7285,0.012996377462617984
7656,0.0195784927578139
9589,0.6416043165818753
7143,0.03529818517835516
6969,0.013946100788327667
9373,0.21310513933732725
7994,0.013761189906477716
7752,0.25664999397817934
8913,0.0935325572584297
9852,0.13859657462361677
8281,0.03595269274114283
7579,0.027685483962882965
8477,0.061615818503180715
9868,0.19286636531936205
9497,0.4324644450942828
8863,0.10305181112945545
8159,0.060195423287588354
9260,0.7749024091657319
9919,0.6807437753657023
7298,0.009176398294618924
9222,0.3081564032745234
9922,0.6031840357051415
9354,0.7351332322411597
8103,0.0070123639548116705
9528,0.11111037742911552
9068,0.9209121157655876
9715,0.992174368807814
7301,0.007179599323969217
8384,0.023883985850169275
8616,0.04698162668239304
7933,0.023461068757190232
9102,0.119605640620799
6996,0.011939643453001534
7438,0.022663753982400912
7498,0.05447549223850329
9487,0.025297891278649856
7022,0.10646050361385709
7255,0.009177403767909275
8256,0.02330384406449837
7263,0.017955755050322597
8089,0.10447532355866501
8171,0.10412655694369871
8700,0.4635388771344481
8806,0.0031980477172853373
8142,0.9676490882560091
9015,0.9749507347577896
6985,0.3119330301270516
8262,0.036747661016531215
8900,0.042176545068309895
9799,0.06465572287098992
8939,0.2963217382739108
8350,0.319703615175633
7688,0.011297481566046041
9038,0.12660147182356726
7302,0.02836959134331102
7222,0.06664118803469976
8588,0.21330899091776492
7084,0.02318555556608458
8121,0.007442274193410327
9713,0.8061918473322554
8055,0.1141093706764962
9162,0.1497371364396432
9564,0.036626294923112666
7705,0.17091501600590853
8776,0.0493126972448965
8883,0.08391905490300469
7416,0.008935721492383602
7975,0.0058797869721658605
8244,0.05165727479085439
8317,0.02527455356272682
9473,0.5301965601841601
8371,0.013503377820030789
7497,0.22173888001753317
8748,0.3217271799880986
7790,0.04736732897070773
9662,0.8862519011000093
8476,0.021572978363361608
8790,0.06631790007896944
9288,0.6865417190774263
9430,0.21451520759425055
9456,0.6105772831173748
9661,0.9291465029930774
9898,0.17737192295596352
9454,0.4980230659474995
9203,0.46269958150792645
7126,0.02350762560451668
9749,0.32366767456564555
9011,0.22917216340291366
8949,0.8431661744275251
8727,0.6269761112184626
8227,0.4152209702040479
7852,0.022612405288588763
7888,0.007938768764536912
7260,0.006781933529744795
7307,0.010627708220683192
9894,0.7371371560205623
7383,0.09816924518424182
7060,0.9385017269125753
8602,0.4478418240134713
8879,0.020569264384892223
8666,0.046096589173332904
7053,0.01950358705056786
8397,0.020445746944939128
9397,0.5020666650248282
9737,0.11347242984665569
7671,0.006315738912412488
7899,0.11671977252597657
7819,0.02241611469162204
7726,0.03230723952634653
8839,0.0762768381728647
8430,0.055956781862234635
8264,0.02288056669085575
9021,0.5771673718558461
8434,0.2489202442929286
8383,0.009136874487791305
8141,0.023081554228379878
8117,0.016291494347734557
9063,0.6782828707409004
9575,0.49944993780255875
7663,0.6618922814283035
8733,0.07963863096856726
9603,0.8469754637860186
9460,0.033727384939690845
7002,0.023546516510330157
7262,0.00776033457809218
9170,0.45326385773416733
8483,0.005650668568121985
9771,0.19110147911204345
8623,0.016687727517931596
9688,0.924932466267575
9519,0.09117531375298919
8331,0.02375372712229568
8453,0.008457990512957843
8429,0.014055191950595207
8622,0.01601411789002217
8885,0.0038481779437040155
7722,0.012236878363212775
8985,0.31486752520232597
7965,0.009969456728634866
9042,0.055940302662702994
7281,0.0072263850670689035
7898,0.46479448926099476
9337,0.5834789456801596
7320,0.9641525335711448
8810,0.0499695711566852
7746,0.012771076641541153
8481,0.020792606426605128
9828,0.575921869856309
8270,0.6452156311724144
8112,0.028325579535857893
8332,0.026333689906966364
8547,0.1392623551958369
7699,0.028294082370542283
8445,0.009291368313319386
9541,0.10635762076123417
7770,0.36981412194488167
7575,0.0032985311531758942
8031,0.08332344442395859
8882,0.018255420310638683
7665,0.0030332641590863313
9482,0.3698317347401619
8730,0.8297445128720372
9393,0.10075959710197817
8677,0.2077366694065592
8194,0.015758541174735272
9853,0.6845312542165056
9716,0.673842941436187
9833,0.022079123865281186
7167,0.594751020874919
7597,0.019843943026988876
8022,0.0029615434733578747
9029,0.7965220119541264
9522,0.0974332194569678
8351,0.1186234659000265
8862,0.15590803789632715
7533,0.012146231944422747
7801,0.036258020147960146
7540,0.021610205277661814
8301,0.013087338789138711
7833,0.8709849225476471
9950,0.6161561110622062
9282,0.6838006282411343
7814,0.021312547791236373
9678,0.11642919091901137
7017,0.09432784962558063
7513,0.11820219046854213
9641,0.9558560291628319
7189,0.1691105401278849
9378,0.57872118082259
9584,0.42867757077973323
7128,0.008722767121953705
8296,0.03797678139894631
9813,0.015410791505236344
7970,0.00373160148582524
7568,0.0562693359173119
9622,0.5581991726447699
7788,0.19988134028651364
7631,0.010992796759340027
7854,0.019285180526047687
9690,0.7882275025751421
9866,0.8380277389705081
7541,0.012695699745993577
8964,0.3411312480665902
9014,0.5671225859106672
9827,0.11608709593023907
7274,0.01239083726398183
8201,0.8413518638045518
7024,0.5870195893118821
7185,0.05150196831862278
8058,0.0693401945159133
7218,0.01716538041686003
7197,0.034179664495055974
9656,0.8582781184266968
7059,0.21025984537110007
9672,0.5282001679048032
8617,0.008666355074213714
9846,0.14240992150447837
8050,0.014182826043192646
7238,0.009259572752913515
9147,0.7379930513860395
9002,0.357641657853154
8517,0.7042095937082854
7377,0.01397788722748315
7894,0.031240381922252803
8213,0.43739122838434075
7150,0.043702067288482915
7287,0.002057304086752678
9468,0.19141293655977376
8260,0.034882455602519666
7427,0.007956946408663032
9267,0.8419882651042269
9646,0.22442970293782952
7868,0.058709741065740645
8573,0.031167735333338362
7157,0.05327351610098077
7435,0.06012231572776817
8938,0.40609275363210173
8599,0.27300650488511613
8501,0.11319787681771644
7451,0.046476789197633366
9911,0.6568266285436355
8291,0.03246979579633806
7347,0.2257089058578893
9049,0.07506292024903105
7696,0.034684050120458276
8069,0.02807652721718029
8612,0.13367163353988526
9311,0.3746300073989115
8648,0.30556488393424197
8861,0.09541281514595822
7690,0.015897288509222115
6960,0.8835077268831304
9663,0.647918900030357
7486,0.22875581568592632
8391,0.15725353412985527
8869,0.060225454778239935
9755,0.2225095707710078
7237,0.014782987906851569
7194,0.15440266642530884
7336,0.03170562615191077
7058,0.30437532689707897
8804,0.011419279760524476
9649,0.751278455256248
9867,0.8754534531412759
8046,0.8908079260610935
7111,0.032729033720165605
7692,0.1164654241392085
9949,0.7134136749761157
7648,0.0088967368173002
8406,0.024663029644051874
6975,0.17106579393442442
9540,0.04995102540527516
7851,0.06834153592793893
8609,0.020392744480386655
8047,0.7450495576438376
7980,0.016054316367278883
9089,0.17016054486212698
9504,0.2305661805914514
8925,0.01947939079379231
8840,0.017925524861254146
9545,0.38770384304527744
8269,0.9484986451003367
7935,0.11317701001332467
7232,0.008795322302197416
7849,0.025767243564605087
7033,0.2966562180246496
9627,0.6355631903021297
7211,0.043214123432714656
8248,0.19414899553395623
7116,0.021157156467164644
9548,0.03164269889559147
9948,0.8320831386768129
8011,0.004609683807229277
7897,0.9667601043928186
9611,0.6397108293028966
7296,0.02534795564592556
7204,0.14419490661503334
8585,0.22308401584320925
7797,0.05913249913428864
8988,0.17680609022850438
8276,0.07888717312502404
7913,0.017833370843261323
9092,0.08796448014772963
7552,0.007787084364372389
7115,0.03355150914638976
9135,0.020406903969084924
9115,0.6733597941453999
7413,0.0069245152924459165
9191,0.05779380227154123
8581,0.08260345157324582
7457,0.25886750993615104
9578,0.8918198684795414
7339,0.04064711418677916
9370,0.6810071123095859
8704,0.11157849099227928
7733,0.08699234988902439
9586,0.573473986975895
8063,0.01515672255627387
7212,0.030256058819079282
9760,0.06790701956289265
9818,0.035863946234207245
7964,0.11201172853352234
9839,0.334108682268827
8870,0.02138563695712408
7353,0.09276421605663056
8835,0.012964319716981556
8667,0.029856175911210817
9052,0.10438416231696729
7625,0.02201521934039669
7947,0.0038176116516937153
9124,0.08942297899693268
8245,0.04621080422119413
9855,0.21070469788493296
6956,0.03370033470471557
9246,0.8035307974928462
7510,0.022189578600443703
7871,0.03302434788128687
7802,0.16718575755003906
7646,0.01218836865085766
8212,0.017698406547082404
7269,0.010708643102075116
9268,0.914821138472352
9148,0.4284982289161803
8936,0.06334581550802074
7560,0.0757744017675111
7418,0.008196773949712693
9037,0.5128583567798142
8684,0.1668417579670861
8193,0.019006285992503473
7286,0.006634529592193087
7430,0.008162538556016227
7985,0.0022577526519572083
7380,0.035996878951598164
9673,0.5169939100505451
7265,0.0026175237661620484
7787,0.15176182694443416
7857,0.015313701471354163
7266,0.007045899554840982
9183,0.7284869322853134
9381,0.2538090447806397
9537,0.9595763971301112
8880,0.029916138859168703
7616,0.6711368223520877
7728,0.9489906577157615
8569,0.611876460858376
7168,0.036517483397056044
7184,0.032589784917412296
7550,0.010793603548271268
7905,0.27040672283539696
8361,0.005741784622728715
8506,0.01880867845060052
8334,0.07336449707619382
8243,0.05433803025670752
9893,0.9519426969547652
9848,0.07007311265140242
7279,0.016006058296659575
8378,0.017561605396270708
7088,0.005930143850204759
9874,0.40524677017463795
9490,0.9161438261542738
9466,0.33962850809901035
9658,0.7941003503189192
7452,0.032590844010886307
7120,0.08228448324152461
9173,0.3233730177960143
9513,0.13294545487351833
8647,0.19129493858950442
7577,0.01800171469913821
9772,0.04503569207886984
8470,0.36489922036384315
8081,0.03599944560059737
8033,0.011208603641369101
8467,0.07118450374589405
8404,0.22700893773427472
8664,0.12219622914296549
7176,0.062394358513162766
8758,0.14489095837283864
7454,0.8208448312134998
8819,0.01595135272112861
7528,0.15348360407211825
7609,0.002788284636146817
7166,0.0700652446249909
7529,0.0029332303449774574
8539,0.06380974159601428
9335,0.8190485130645763
8745,0.07573116813865748
9259,0.5634661297453799
8333,0.01869325061052144
7505,0.15227024875469097
8866,0.2892082094817048
9405,0.7929508035918962
8829,0.566484640233361
9105,0.017142817086161867
9634,0.8091539777387448
8028,0.8721408258949402
8282,0.017521535965012904
7589,0.0038897748397262832
8097,0.04232378245037948
8966,0.11806353416577825
9136,0.1990488867051062
7208,0.16637995322549412
7124,0.03782390075055846
8843,0.0516524661038657
8763,0.016007772690344445
8914,0.02833470254036721
8856,0.008700779556119882
7144,0.9323099635617904
8454,0.012837002482709041
8975,0.7262272902236183
7466,0.7614841142186802
9549,0.040201448289583365
8386,0.042591142581093526
9065,0.707765215353366
9432,0.12651239559177882
7354,0.03618446670167443
7672,0.03248501655779427
7000,0.040283466487012365
8860,0.08191896779648135
7179,0.15677432203667965
9667,0.9898666774181469
9517,0.03595879052989246
7620,0.00920981776595687
8415,0.018604988513536123
7190,0.5759450839755007
8738,0.08639271815150577
7506,0.050034228178238827
9625,0.9401810865771943
8917,0.11157911842870183
7764,0.08970850481924665
9901,0.4741610091337024
9598,0.75766546113312
7724,0.014258608433464699
9753,0.37387317808804227
9529,0.026957823335865928
8527,0.36478362707862416
8363,0.042603839583525316
8989,0.907131618608182
7883,0.2772980026615829
8265,0.020123960233346085
7330,0.15990154190409575
9009,0.21381007742577285
8421,0.016442872429424483
7835,0.1331998459456763
7207,0.028504186992035885
8237,0.9717274778737144
8208,0.16778978712946613
9699,0.633383348772864
9345,0.5741897265368833
8116,0.028413410859547704
9407,0.2568016670154434
9144,0.4191253773623623
8246,0.007708317834365104
9602,0.8292380108529293
9896,0.5701822375001944
6986,0.8190964365872855
8099,0.003458687017899637
9733,0.48914709834420894
9117,0.11208145598987593
7075,0.8717512723920531
8661,0.740074709686715
7680,0.04341405858120264
8275,0.03829596639859559
8543,0.5940742984823356
9796,0.07211816196264212
9914,0.3117633725438785
7444,0.008959932911552396
9269,0.9315185456943743
8255,0.053595510162929384
7210,0.04775447241226309
7863,0.008204989520879318
7608,0.004056670932837888
9509,0.10011187306449038
8410,0.010820333309679723
7789,0.04711469821714393
8943,0.921008397827324
9299,0.809816676902594
8837,0.023483517579014998
7751,0.04988292688182492
9890,0.49323605591906816
8052,0.006707900503886084
9217,0.15305701688218132
9665,0.9691479005219564
9067,0.9958689953653029
9215,0.11887668714259753
7468,0.3289071787391821
8827,0.19389622078131052
7273,0.00931492292403915
8650,0.032093863025447145
8134,0.008936347728996978
7812,0.08323883197373415
7780,0.011002643416083084
9764,0.05554569245767699
8897,0.034837646508165995
8367,0.09857996893796682
9142,0.05518662285664958
8086,0.07441201550126487
6997,0.025237556928754738
9382,0.12666517387008835
8273,0.028135041354872027
8689,0.0373975095912337
7966,0.006856315361574968
7019,0.6388251034019153
7904,0.383703150845276
8155,0.18058050410622334
9825,0.20258802779940716
7004,0.04154524575049981
8043,0.1486820208401261
6972,0.016428974071996366
7526,0.007137474900976967
7707,0.013976020936532177
8754,0.12197469335231428
8821,0.031165681311709072
7227,0.015066816474002955
8157,0.03583713958092519
9635,0.5981284074163344
8226,0.2811194301503095
8655,0.11785385192329144
9693,0.6133293992001673
6988,0.014702272590745061
7443,0.01943510545886068
9032,0.2400709828123205
8892,0.04099897981083652
9310,0.014085187625910895
8465,0.024802633659415152
7832,0.15977509402051362
8541,0.02081146341174324
9775,0.6871751299554792
9061,0.02457522467081667
7885,0.047851373499017705
7047,0.14797828334186056
9111,0.053107733846042525
8725,0.12035603186092371
9535,0.12360497280744583
8327,0.030347708879229007
7465,0.7275255559023539
9047,0.43806569041205873
9946,0.4908586395829445
9344,0.8167032227017363
8649,0.9789026241958065
9158,0.5248617738680365
9051,0.6138800794255735
7962,0.003469400105260497
7553,0.012568382432158779
7314,0.006870415100846198
8446,0.006339076851487099
8185,0.19049967378650393
6961,0.10516386028052717
8225,0.47861966713151155
9935,0.6440509304286782
7794,0.020686420085375974
7171,0.19515470248280134
7073,0.15772797151715734
8911,0.30869052921015316
7495,0.19814067345170833
7749,0.16681547139001163
9876,0.5305351038265568
7576,0.005277205734620622
7437,0.9176739071146155
9318,0.6295509247852531
8560,0.028214217126139397
9581,0.3300977641634099
8500,0.013664013640184963
8306,0.005995876949546892
9759,0.059436725021477094
8195,0.021121419262308937
9879,0.02297887832665034
7515,0.02434395354427005
8951,0.7333020288786412
8258,0.6148752824455554
8525,0.967919695346508
8413,0.13122926110081115
8651,0.042720948048623676
8605,0.022975385224834766
8032,0.04179461224584814
8902,0.013099982061967408
7655,0.01294969650939196
9285,0.9127841795648227
9648,0.8057321950574733
8653,0.42554584417298086
8516,0.964749748777463
9660,0.7899291863475669
7602,0.0028844429963732067
9786,0.022797555174496626
7398,0.03951677454592559
7936,0.980837455491864
8743,0.071065469180925
8540,0.04495896853994258
7467,0.6353787319755053
9928,0.8708390633127667
9565,0.9835973096921924
7996,0.020969436031593857
9851,0.8779720021030456
7847,0.02838057174584598
8192,0.14341049334920855
8314,0.009711058982036384
7747,0.03419218730429222
8151,0.016947425327881394
9826,0.1387241058202374
9729,0.23657951597036206
9308,0.40681019857944367
8636,0.018539989866096514
9406,0.1249532121312782
9891,0.6589437572172631
8398,0.0189161198964762
9816,0.0899069351887
7282,0.00863609472657568
7392,0.008768797237182222
8522,0.05289301350994536
7315,0.021956036039574228
9221,0.7670061610601773
8319,0.0520391324630319
9516,0.33075157258217575
8337,0.12713001617093467
8760,0.46399745972124135
8005,0.11755231569591454
9176,0.029515320884147437
9703,0.604390372458273
8120,0.010063280672317957
8304,0.010651368269998074
9872,0.25889035455226334
9445,0.8333278822034482
8287,0.012022972416087714
8492,0.021108836816924395
8387,0.028543802915091208
6982,0.00780439791382288
7400,0.10092690281669375
8428,0.027269008167582015
9210,0.49991603762133796
8036,0.05364831263116501
7548,0.014999190234767295
8816,0.18884634304838913
9506,0.06311816090509995
9417,0.08025323414071979
9120,0.15250155755064845
8416,0.02802107305024579
9193,0.19909027668022075
8143,0.04074620809776645
8023,0.004616972989721804
7969,0.11796869803395663
7417,0.01768419543411098
9081,0.17244120002983465
8206,0.08887901724748842
7729,0.5310089832655087
8876,0.028446774983092577
9642,0.678525351002757
8115,0.08704656351456534
8722,0.1750382476854147
9742,0.22091106588347695
7012,0.005088449627111568
7547,0.441883927366328
9206,0.1510272482658462
7830,0.13530849349001883
9500,0.5892797603677635
8113,0.01807470791343407
9920,0.6465571315151608
9319,0.4269949098983594
8197,0.09867058269093892
7027,0.9874772821581412
9761,0.02405279064641051
9778,0.9036480099937336
8443,0.0059861535748527515
8950,0.8613970255176765
9322,0.7099479423512786
8755,0.15632798511482845
9650,0.6315387014576692
7470,0.11256298561927117
8329,0.022292872335561736
8637,0.0352650838792972
9557,0.5778933326016364
7658,0.013408207575631177
8240,0.10321520474168477
9437,0.9470840901157961
7363,0.024134981916985456
7385,0.6837577848798575
8241,0.10709532083610498
7919,0.2535232523941793
9263,0.6225206493241253
9580,0.025614069836506704
9829,0.5234207057591206
7071,0.2695672007677815
9624,0.7192870433789706
9239,0.3591365788761859
9840,0.39805493652663526
8321,0.023822751010295837
9566,0.9785552505153746
9361,0.4770650677227875
8288,0.07468394946607389
9475,0.09551322113256826
7828,0.04803683954154644
